RegionName,FormationName,SubFormationName
Arrow Peak Area,Arrow Peak,
Brewer Area,Mount Brewer,
Brewer Area,Mount Francis Farquar,
Brewer Area,North Guard,
Brewer Area,North Sentinel,
Brewer Area,The Sphinx,
Brewer Area,Thunder Mountain,
Cathedral Area,Cathedral Peak,
Cathedral Area,Cockscomb,
Cathedral Area,Echo Peaks,Echo Peak #9
Cathedral Area,Echo Ridge,
Cathedral Area,Eichorn''s Pinnacle,
Cathedral Area,Matthes Crest,
Cathedral Area,"Peak 11,357",
Cathedral Area,Tenaya Peak,
Cathedral Area,Unicorn Peak,
Collegiate Area,Center Peak,
Collegiate Area,Ericsson Crags,Ericsson Crag #3
Collegiate Area,Junction Peak,
Collegiate Area,Kearsarge Pinnacles,
Collegiate Area,Mount Ericsson,
Collegiate Area,Mount Stanford,
Ebbets-Mono-Carson Pass Area,Calaveras Dome,
Great Western Divide Area,"Peak 11,480",
Great Western Divide Area,"Peak 11,880",
Mammoth Lakes Area,Crystal Crag,
Mt Clarence King Area,Bubbs Creek Wall,
Mt Clarence King Area,Charlotte Dome,
Mt Clarence King Area,Dragon Peak,
Mt Clarence King Area,Mount Bago,
Mt Clarence King Area,Mount Clarence King,
Mt Clarence King Area,Mount Cotter,North Cotter
Mt Clarence King Area,Mount Gardiner,
Mt Clark Area,Mount Clark,
Mt Conness Area,Mount Conness,
Mt Conness Area,North Peak,
Mt Dana Area,Dana Plateau,
Mt Dana Area,Mount Dana,
Mt Darwin Area,Cardinal Pinnacle,
Mt Darwin Area,Clyde Spires,
Mt Darwin Area,Glacier Divide,
Mt Darwin Area,Mount Darwin,
Mt Darwin Area,Mount Gilbert,
Mt Darwin Area,Mount Goode,
Mt Darwin Area,Mount Haeckel,
Mt Darwin Area,Mount Lamarck,
Mt Darwin Area,Mount McGee,
Mt Darwin Area,Mount Mendel,
Mt Darwin Area,Mount Thompson,
Mt Darwin Area,Picture Peak,
Mt Goddard Area,Devil''s Crags,Devil''s Crag #1
Mt Goddard Area,Langille Peak,
Mt Goddard Area,Mount Charybdis,
Mt Goddard Area,Mount Goddard,
Mt Goddard Area,The Citadel,
Mt Humphreys Area,Basin Mountain,
Mt Humphreys Area,Checkered Demon,
Mt Humphreys Area,Mount Emerson,
Mt Humphreys Area,Mount Humphreys,
Mt Langley Area,Mount Langley,
Mt Lyell,Mount Lyell,
Mt Lyell,Mount Maclure,
Mt Lyell,Vogelsang Peak,
Mt Morrison Area,Bloody Mountain,
Mt Morrison Area,Laurel Mountain,
Mt Morrison Area,Mount Morgan (North),
Mt Morrison Area,Mount Morrison,
Mt Morrison Area,Red and White Mountain,
Mt Morrison Area,Red Slate Mountain,
Mt Morrison Area,Torre de Mierda,
Mt Ruskin Area,Luoma Peak,
Mt Ruskin Area,Peak 12882,
Mt Whitney Area,Aiguille Extra,
Mt Whitney Area,Arctic Lake Wall East,
Mt Whitney Area,Arctic Lake Wall West,
Mt Whitney Area,Cleaver Peak,
Mt Whitney Area,Crabtree Crags,
Mt Whitney Area,Day Needle,
Mt Whitney Area,Fourth Needle,
Mt Whitney Area,Gamblers Special,
Mt Whitney Area,Keeler Needle,
Mt Whitney Area,Lone Pine Peak,
Mt Whitney Area,Mount Carl Heller,
Mt Whitney Area,Mount Chamberlain,
Mt Whitney Area,Mount Hitchcock,
Mt Whitney Area,Mount Irvine,
Mt Whitney Area,Mount LeConte,
Mt Whitney Area,Mount McAdie,
Mt Whitney Area,Mount Muir,
Mt Whitney Area,Mount Newcomb,
Mt Whitney Area,Mount Russell,
Mt Whitney Area,Mount Whitney,
Mt Whitney Area,Mt Hale,
Mt Whitney Area,Red Baron Tower,
Mt Whitney Area,Third Needle,
Mt Whitney Area,Thor Peak,
Mt Whitney Area,Tulainyo Tower,
Mt Whitney Area,Mt Corcoran,
Mt Williamson Area,Mount Barnard,
Mt Williamson Area,Mount Tyndall,
Mt Williamson Area,Mount Williamson,
Mt Williamson Area,Shaw Spire,
Palisade Range,Disappointment Peak,
Palisade Range,Isosceles Peak,
Palisade Range,Middle Palisade,
Palisade Range,Mount Agassiz,
Palisade Range,Mount Gayley,
Palisade Range,Mount Robinson,
Palisade Range,Mount Sill,
Palisade Range,Mount Winchell,
Palisade Range,Norman Clyde Peak,
Palisade Range,North Palisade,
Palisade Range,Palisade Crest,
Palisade Range,Polemonium Peak,
Palisade Range,Starlight Peak,
Palisade Range,Temple Crag,
Palisade Range,The Thumb,
Palisade Range,Thunderbolt Peak,
Ritter Range Area,Banner Peak,
Ritter Range Area,Clyde Minaret,
Ritter Range Area,Ken Minaret,
Ritter Range Area,Michael Minaret,
Ritter Range Area,Mount Ritter,
Rock Creek Area,Bear Creek Spire,
Rock Creek Area,Granite Park Spire,
Rock Creek Area,Little Lakes Peak,
Rock Creek Area,Mount Abbot,
Rock Creek Area,Mount Dade,
Rock Creek Area,Mount Morgan (South),
Rock Creek Area,Petit Griffon,
Rock Creek Area,Ruby Peak,
Rock Creek Area,Third Recess Peak,
Sawtooth Ridge Area,Blacksmith Peak,
Sawtooth Ridge Area,Dragtooth,
Sawtooth Ridge Area,Flatiron Butte,
Sawtooth Ridge Area,Incredible Hulk,
Sawtooth Ridge Area,Incredulous Bulk,
Sawtooth Ridge Area,Juggernaut,
Sawtooth Ridge Area,Matterhorn Peak,
Sawtooth Ridge Area,Mount Bandaloop,
Sawtooth Ridge Area,Outguard Spire,
Sawtooth Ridge Area,Regge Pole,
Sawtooth Ridge Area,The Duck,
Sawtooth Ridge Area,The Turret,
Sawtooth Ridge Area,Whorl Mountain,
Sawtooth Ridge Area,The Thing,
Seven Gables Area,Feather Peak,
Seven Gables Area,Merriam Peak,
Seven Gables Area,Seven Gables,North Peak
Southwest Sierra,Voodoo Dome,
Spanish Mountain Area,The Obelisk,
Split Mountain Area,"""Son of Split""",
Split Mountain Area,Split Mountain,
Tablelands and Hamilton Lakes Area,Angel Wings,
Tablelands and Hamilton Lakes Area,Castle Rock Spire,
Tablelands and Hamilton Lakes Area,Darth Vader Tower,
Tablelands and Hamilton Lakes Area,Eagle Scout Creek Dome,
Tablelands and Hamilton Lakes Area,Eagle Scout Peak,
Tablelands and Hamilton Lakes Area,Hamilton Dome,
Tablelands and Hamilton Lakes Area,Lippincott Mountain,
Tablelands and Hamilton Lakes Area,Lower Tokopah Dome,
Tablelands and Hamilton Lakes Area,Moro Rock,
Tablelands and Hamilton Lakes Area,Mount Stewart,
Tablelands and Hamilton Lakes Area,Panther Peak,
Tablelands and Hamilton Lakes Area,Periscope Dome,
Tablelands and Hamilton Lakes Area,Saber Ridge,
Tablelands and Hamilton Lakes Area,Santa Cruz Dome,
Tablelands and Hamilton Lakes Area,Spring Lake Wall,
Tablelands and Hamilton Lakes Area,The Fin,
Tablelands and Hamilton Lakes Area,The Fortress,
Tablelands and Hamilton Lakes Area,The Globe,
Tablelands and Hamilton Lakes Area,The Prism,
Tablelands and Hamilton Lakes Area,The Serpent's Tooth,
Tablelands and Hamilton Lakes Area,The Watchtower,
TBD,Castle Dome,
TBD,Dark Tower,
TBD,Happy Dome,
TBD,Watsi Wall,
The Kaweahs Area,Big Kaweah,
The Kaweahs Area,Black Kaweah,
The Kaweahs Area,Cherubim Dome,
The Kaweahs Area,Milestone Mountain,
The Kaweahs Area,Table Mountain,
Tower Peak Area,Tower Peak,
White Divide,Tehipite Dome,
